time,open,high,low,close,volume
1780219800000,73955.98000000,73982.00000000,73950.77000000,73956.68000000,19.96627000
1780220100000,73956.69000000,73970.00000000,73942.39000000,73969.99000000,11.58661000
1780220400000,73969.99000000,74024.00000000,73960.20000000,73982.57000000,64.99131000
1780220700000,73982.56000000,74000.24000000,73971.30000000,73995.11000000,32.44354000
1780221000000,73995.10000000,73995.11000000,73892.00000000,73894.82000000,12.70963000
1780221300000,73894.82000000,73894.83000000,73813.44000000,73841.79000000,66.89255000
1780221600000,73841.79000000,73845.58000000,73817.69000000,73845.58000000,18.65656000
1780221900000,73845.58000000,73851.56000000,73844.99000000,73851.55000000,46.38530000
1780222200000,73851.55000000,73865.66000000,73840.75000000,73855.14000000,28.73616000
1780222500000,73855.14000000,73855.14000000,73804.05000000,73810.64000000,23.41400000
1780222800000,73810.64000000,73811.23000000,73699.20000000,73758.67000000,129.16213000
1780223100000,73758.67000000,73808.86000000,73758.66000000,73801.84000000,23.00130000
1780223400000,73801.84000000,73834.00000000,73801.83000000,73833.99000000,14.54312000
1780223700000,73834.00000000,73839.54000000,73818.24000000,73839.54000000,54.71111000
1780224000000,73839.53000000,73840.93000000,73803.03000000,73840.92000000,32.71938000
1780224300000,73840.92000000,73840.93000000,73804.62000000,73840.00000000,7.55276000
1780224600000,73840.00000000,73868.57000000,73839.99000000,73865.60000000,17.24942000
1780224900000,73865.61000000,73900.00000000,73859.03000000,73900.00000000,4.16709000
1780225200000,73900.00000000,73942.00000000,73899.99000000,73912.84000000,9.36432000
1780225500000,73912.84000000,73925.34000000,73912.84000000,73920.09000000,9.67201000
1780225800000,73920.08000000,73936.93000000,73900.99000000,73907.98000000,9.94540000
1780226100000,73907.98000000,73914.67000000,73901.16000000,73914.67000000,3.57049000
1780226400000,73914.67000000,73917.42000000,73911.32000000,73915.99000000,6.18133000
1780226700000,73916.00000000,73971.31000000,73915.99000000,73971.31000000,9.27704000
1780227000000,73971.31000000,73971.31000000,73925.34000000,73926.10000000,11.66253000
1780227300000,73926.11000000,73971.97000000,73926.09000000,73950.04000000,19.98873000
1780227600000,73950.05000000,73959.30000000,73935.16000000,73959.29000000,30.58955000
1780227900000,73959.30000000,73959.35000000,73922.00000000,73925.33000000,7.32915000
1780228200000,73925.34000000,73940.18000000,73905.62000000,73940.17000000,30.65645000
1780228500000,73940.17000000,73972.00000000,73907.55000000,73937.79000000,30.68690000
1780228800000,73937.63000000,73980.43000000,73874.00000000,73874.00000000,17.19056000
1780229100000,73874.00000000,73914.00000000,73874.00000000,73900.02000000,14.55196000
1780229400000,73900.02000000,73918.00000000,73895.55000000,73917.99000000,13.76398000
1780229700000,73918.00000000,73995.88000000,73917.99000000,73992.37000000,23.35349000
1780230000000,73992.36000000,73992.37000000,73928.86000000,73933.36000000,13.05962000
1780230300000,73933.35000000,73941.02000000,73933.20000000,73933.21000000,8.53173000
1780230600000,73933.21000000,73933.21000000,73906.00000000,73906.01000000,18.00135000
1780230900000,73906.01000000,73941.01000000,73906.01000000,73941.00000000,56.10235000
1780231200000,73941.01000000,73974.89000000,73931.10000000,73974.89000000,11.80117000
1780231500000,73974.88000000,73979.23000000,73950.00000000,73956.48000000,8.57892000
1780231800000,73956.48000000,73968.05000000,73893.46000000,73893.47000000,10.13993000
1780232100000,73893.46000000,73920.00000000,73880.00000000,73920.00000000,27.15146000
1780232400000,73920.00000000,73920.00000000,73888.80000000,73888.80000000,13.71425000
1780232700000,73888.81000000,73919.99000000,73880.00000000,73919.99000000,9.28904000
1780233000000,73919.99000000,73957.04000000,73919.98000000,73948.21000000,13.63541000
1780233300000,73948.21000000,73984.00000000,73936.00000000,73984.00000000,8.74344000
1780233600000,73984.00000000,74023.99000000,73982.01000000,73982.02000000,14.27982000
1780233900000,73982.02000000,74000.01000000,73961.14000000,73961.16000000,8.64542000
1780234200000,73961.17000000,73971.68000000,73953.28000000,73953.28000000,13.32644000
1780234500000,73953.29000000,73968.43000000,73890.53000000,73904.28000000,7.04410000
1780234800000,73904.29000000,73904.29000000,73887.63000000,73896.64000000,9.64261000
1780235100000,73896.64000000,73900.33000000,73866.00000000,73866.00000000,58.23559000
1780235400000,73866.00000000,73868.61000000,73807.43000000,73868.61000000,10.59036000
1780235700000,73868.60000000,73872.80000000,73861.26000000,73872.80000000,11.30086000
1780236000000,73872.80000000,73872.80000000,73749.99000000,73805.95000000,89.28140000
1780236300000,73805.96000000,73868.12000000,73789.83000000,73860.01000000,25.34329000
1780236600000,73860.00000000,73865.34000000,73670.08000000,73719.41000000,76.61294000
1780236900000,73719.40000000,73783.17000000,73483.05000000,73583.99000000,169.45746000
1780237200000,73583.99000000,73650.17000000,73546.00000000,73581.75000000,67.99074000
1780237500000,73581.76000000,73608.12000000,73552.65000000,73582.78000000,59.58448000
1780237800000,73582.79000000,73685.98000000,73582.78000000,73677.98000000,34.19169000
1780238100000,73677.99000000,73740.23000000,73650.00000000,73680.98000000,46.36161000
1780238400000,73680.98000000,73680.98000000,73598.00000000,73615.95000000,55.34115000
1780238700000,73615.95000000,73699.99000000,73615.95000000,73655.98000000,20.66215000
1780239000000,73655.99000000,73692.00000000,73655.99000000,73691.99000000,6.57571000
1780239300000,73691.99000000,73692.00000000,73588.81000000,73602.17000000,30.32229000
1780239600000,73602.18000000,73626.16000000,73588.80000000,73614.89000000,25.05551000
1780239900000,73614.88000000,73670.77000000,73609.45000000,73652.78000000,14.98360000
1780240200000,73652.78000000,73682.00000000,73645.76000000,73677.18000000,8.74166000
1780240500000,73677.18000000,73687.89000000,73658.45000000,73687.22000000,11.03484000
1780240800000,73687.22000000,73742.00000000,73687.22000000,73742.00000000,21.26078000
1780241100000,73742.00000000,73775.79000000,73733.10000000,73748.67000000,33.29052000
1780241400000,73748.66000000,73752.24000000,73726.00000000,73752.23000000,14.19173000
1780241700000,73752.23000000,73754.91000000,73716.03000000,73718.81000000,10.54574000
1780242000000,73718.81000000,73718.82000000,73616.00000000,73638.46000000,36.60823000
1780242300000,73638.47000000,73681.99000000,73637.44000000,73647.01000000,33.82519000
1780242600000,73647.00000000,73656.00000000,73625.65000000,73656.00000000,31.74168000
1780242900000,73656.00000000,73657.26000000,73629.36000000,73655.21000000,25.65351000
1780243200000,73655.20000000,73696.55000000,73634.00000000,73688.99000000,15.58536000
1780243500000,73689.00000000,73730.00000000,73688.99000000,73705.53000000,24.07782000
1780243800000,73705.54000000,73705.54000000,73603.37000000,73617.58000000,42.46457000
1780244100000,73617.58000000,73629.48000000,73600.02000000,73602.92000000,14.72958000
1780244400000,73602.92000000,73626.62000000,73541.07000000,73569.99000000,21.17111000
1780244700000,73569.99000000,73614.58000000,73518.67000000,73610.36000000,23.91796000
1780245000000,73610.35000000,73610.36000000,73411.00000000,73438.65000000,77.10246000
1780245300000,73438.66000000,73536.62000000,73400.00000000,73528.00000000,47.56083000
1780245600000,73528.01000000,73528.01000000,73484.19000000,73493.97000000,16.40201000
1780245900000,73493.97000000,73493.97000000,73442.88000000,73449.00000000,15.17123000
1780246200000,73449.00000000,73528.00000000,73443.81000000,73528.00000000,14.74023000
1780246500000,73528.00000000,73544.03000000,73521.27000000,73526.14000000,6.83109000
1780246800000,73526.15000000,73556.46000000,73496.25000000,73496.26000000,16.39839000
1780247100000,73496.26000000,73532.00000000,73495.10000000,73516.30000000,27.15584000
1780247400000,73516.19000000,73518.00000000,73466.67000000,73518.00000000,11.63756000
1780247700000,73517.99000000,73559.63000000,73517.99000000,73539.36000000,10.84542000
1780248000000,73539.36000000,73571.22000000,73539.36000000,73562.60000000,7.99248000
1780248300000,73562.61000000,73598.71000000,73562.60000000,73598.32000000,7.00742000
1780248600000,73598.32000000,73680.00000000,73598.32000000,73660.25000000,18.28439000
1780248900000,73660.25000000,73717.94000000,73660.25000000,73717.94000000,21.70745000
1780249200000,73717.93000000,73724.96000000,73687.54000000,73724.96000000,17.74085000
1780249500000,73724.95000000,73734.00000000,73695.92000000,73695.93000000,3.95067000
1780249800000,73695.93000000,73699.67000000,73685.71000000,73699.66000000,5.78774000
1780250100000,73699.66000000,73709.44000000,73688.55000000,73709.44000000,46.96153000
1780250400000,73709.43000000,73713.34000000,73616.00000000,73638.85000000,11.91907000
1780250700000,73638.84000000,73670.00000000,73632.87000000,73632.87000000,23.96027000
1780251000000,73632.88000000,73692.43000000,73632.87000000,73654.00000000,14.17494000
1780251300000,73654.00000000,73658.88000000,73611.74000000,73658.88000000,34.81005000
1780251600000,73658.88000000,73658.88000000,73628.00000000,73640.00000000,9.24494000
1780251900000,73640.00000000,73680.00000000,73630.21000000,73630.21000000,23.33685000
1780252200000,73630.21000000,73708.80000000,73630.21000000,73660.01000000,23.77273000
1780252500000,73660.00000000,73667.21000000,73660.00000000,73667.21000000,5.51710000
1780252800000,73667.21000000,73678.00000000,73631.65000000,73642.72000000,15.60399000
1780253100000,73642.71000000,73642.72000000,73599.99000000,73614.12000000,29.42085000
1780253400000,73614.13000000,73614.13000000,73585.49000000,73608.00000000,9.55099000
1780253700000,73608.00000000,73639.89000000,73603.68000000,73603.69000000,13.05896000
1780254000000,73603.68000000,73649.93000000,73602.46000000,73602.47000000,22.99139000
1780254300000,73602.47000000,73605.66000000,73593.36000000,73593.37000000,5.81988000
1780254600000,73593.37000000,73600.18000000,73590.38000000,73590.39000000,9.85779000
1780254900000,73590.38000000,73614.00000000,73590.38000000,73614.00000000,3.69061000
1780255200000,73613.99000000,73618.93000000,73508.00000000,73508.13000000,24.90532000
1780255500000,73508.12000000,73526.00000000,73457.09000000,73526.00000000,13.90211000
1780255800000,73526.00000000,73543.82000000,73456.48000000,73470.00000000,23.60057000
1780256100000,73469.99000000,73524.56000000,73469.99000000,73524.56000000,10.96792000
1780256400000,73524.56000000,73537.99000000,73519.23000000,73520.41000000,26.67945000
1780256700000,73520.41000000,73535.41000000,73511.71000000,73522.04000000,18.99404000
1780257000000,73522.05000000,73546.24000000,73522.04000000,73546.24000000,6.60061000
1780257300000,73546.24000000,73581.63000000,73546.23000000,73563.42000000,87.79879000
1780257600000,73563.41000000,73657.32000000,73563.41000000,73623.53000000,70.10023000
1780257900000,73623.53000000,73700.00000000,73599.99000000,73688.26000000,135.97090000
1780258200000,73688.27000000,73692.79000000,73636.00000000,73692.79000000,35.48574000
1780258500000,73692.79000000,73718.00000000,73666.67000000,73710.01000000,17.33895000
1780258800000,73710.00000000,73748.00000000,73690.00000000,73690.00000000,10.66343000
1780259100000,73690.00000000,73706.72000000,73679.05000000,73682.28000000,20.71494000
1780259400000,73682.28000000,73718.00000000,73679.04000000,73679.04000000,22.36029000
1780259700000,73679.05000000,73705.58000000,73674.36000000,73674.36000000,26.05915000
1780260000000,73674.37000000,73692.84000000,73674.36000000,73692.84000000,7.70272000
1780260300000,73692.83000000,73704.00000000,73692.83000000,73693.60000000,12.37104000
1780260600000,73693.60000000,73734.00000000,73693.59000000,73734.00000000,8.07593000
1780260900000,73734.00000000,73760.00000000,73734.00000000,73739.66000000,14.72078000
1780261200000,73739.67000000,73754.00000000,73702.11000000,73747.38000000,46.21654000
1780261500000,73747.60000000,73752.53000000,73719.58000000,73719.59000000,14.25290000
1780261800000,73719.58000000,73719.59000000,73688.00000000,73688.00000000,20.82204000
1780262100000,73688.00000000,73732.00000000,73675.23000000,73675.23000000,90.61825000
1780262400000,73675.24000000,73681.69000000,73673.24000000,73680.54000000,9.65684000
1780262700000,73680.54000000,73681.42000000,73626.67000000,73650.51000000,21.82389000
1780263000000,73650.52000000,73664.90000000,73634.01000000,73664.90000000,11.61824000
1780263300000,73664.90000000,73706.00000000,73664.90000000,73678.14000000,10.15748000
1780263600000,73678.15000000,73748.54000000,73669.99000000,73746.00000000,17.54061000
1780263900000,73745.99000000,73924.00000000,73745.99000000,73850.00000000,85.23496000
1780264200000,73850.00000000,73886.00000000,73798.00000000,73852.79000000,39.01653000
1780264500000,73852.79000000,73900.00000000,73850.02000000,73892.52000000,24.05219000
1780264800000,73892.52000000,73965.21000000,73686.00000000,73714.97000000,48.29357000
1780265100000,73714.97000000,73821.99000000,73714.97000000,73821.99000000,17.54952000
1780265400000,73821.99000000,73912.00000000,73821.99000000,73912.00000000,31.28990000
1780265700000,73911.99000000,73996.00000000,73884.00000000,73890.41000000,24.84354000
1780266000000,73890.41000000,73890.42000000,73814.00000000,73863.03000000,13.33092000
1780266300000,73863.02000000,73984.00000000,73863.02000000,73892.01000000,23.10203000
1780266600000,73892.00000000,73997.56000000,73876.00000000,73997.55000000,24.29995000
1780266900000,73997.56000000,73997.56000000,73881.31000000,73897.98000000,28.17474000
1780267200000,73897.98000000,73925.34000000,73890.01000000,73901.27000000,7.57010000
1780267500000,73901.27000000,73986.00000000,73901.27000000,73942.77000000,22.84452000
1780267800000,73942.77000000,73969.91000000,73921.43000000,73955.92000000,14.02296000
1780268100000,73955.93000000,73997.56000000,73940.38000000,73944.62000000,28.96997000
1780268400000,73944.62000000,74198.00000000,73944.62000000,74068.08000000,110.65865000
1780268700000,74068.08000000,74088.00000000,73960.70000000,73990.00000000,28.13451000
1780269000000,73990.00000000,73999.00000000,73936.00000000,73936.00000000,25.40441000
1780269300000,73936.01000000,73962.00000000,73904.00000000,73934.87000000,19.73257000
1780269600000,73934.87000000,73934.87000000,73794.00000000,73817.59000000,19.53472000
1780269900000,73817.59000000,73850.00000000,73809.05000000,73831.29000000,16.35462000
1780270200000,73831.29000000,73831.30000000,73602.41000000,73698.00000000,29.74920000
1780270500000,73698.00000000,73698.01000000,73500.00000000,73562.00000000,54.79539000
1780270800000,73561.99000000,73590.00000000,73522.71000000,73584.64000000,19.81258000
1780271100000,73584.65000000,73672.25000000,73568.52000000,73672.25000000,28.78247000
1780271400000,73672.25000000,73708.08000000,73672.24000000,73682.52000000,8.90447000
1780271700000,73682.53000000,73716.00000000,73658.00000000,73674.39000000,13.44569000
1780272000000,73674.39000000,73872.00000000,73654.06000000,73861.33000000,63.17605000
1780272300000,73861.33000000,73879.67000000,73732.48000000,73753.75000000,48.91549000
1780272600000,73753.74000000,73806.16000000,73718.57000000,73806.15000000,24.49997000
1780272900000,73806.15000000,73847.23000000,73724.57000000,73730.26000000,20.68017000
1780273200000,73730.27000000,73826.00000000,73720.94000000,73802.25000000,17.91445000
1780273500000,73802.25000000,73971.31000000,73802.25000000,73960.00000000,27.12952000
1780273800000,73960.00000000,74092.00000000,73836.00000000,73917.43000000,63.40427000
1780274100000,73917.43000000,73940.00000000,73884.61000000,73898.75000000,18.71847000
1780274400000,73898.75000000,73966.84000000,73868.56000000,73946.01000000,14.34333000
1780274700000,73946.00000000,74016.16000000,73942.00000000,73962.72000000,36.58711000
1780275000000,73962.73000000,74000.00000000,73900.36000000,73924.01000000,20.36587000
1780275300000,73924.01000000,73929.46000000,73876.17000000,73885.00000000,10.75500000
1780275600000,73885.01000000,73916.01000000,73736.00000000,73741.15000000,23.93324000
1780275900000,73741.16000000,73749.76000000,73576.00000000,73596.79000000,59.09310000
1780276200000,73596.79000000,73632.00000000,73573.00000000,73573.00000000,32.90764000
1780276500000,73573.00000000,73628.02000000,73573.00000000,73600.19000000,24.31245000
1780276800000,73600.19000000,73649.92000000,73600.18000000,73601.69000000,23.62371000
1780277100000,73601.68000000,73643.63000000,73590.00000000,73604.00000000,40.84359000
1780277400000,73604.01000000,73626.04000000,73592.00000000,73615.98000000,30.74149000
1780277700000,73615.99000000,73642.00000000,73600.00000000,73603.90000000,16.96937000
1780278000000,73603.90000000,73652.00000000,73461.35000000,73498.00000000,92.95177000
1780278300000,73498.00000000,73572.00000000,73447.11000000,73563.73000000,25.69431000
1780278600000,73563.74000000,73563.74000000,73350.00000000,73370.00000000,47.28756000
1780278900000,73369.99000000,73370.00000000,73278.02000000,73292.92000000,46.18442000
1780279200000,73292.92000000,73388.00000000,73222.00000000,73370.01000000,166.56542000
1780279500000,73370.01000000,73548.09000000,73370.00000000,73520.00000000,57.75151000
1780279800000,73520.00000000,73562.29000000,73506.22000000,73548.46000000,10.55930000
1780280100000,73548.45000000,73553.52000000,73454.00000000,73464.29000000,20.78869000
1780280400000,73464.29000000,73545.25000000,73464.29000000,73493.00000000,18.18472000
1780280700000,73493.00000000,73530.45000000,73492.00000000,73523.99000000,14.25079000
1780281000000,73524.00000000,73524.68000000,73468.86000000,73498.34000000,8.35566000
1780281300000,73498.34000000,73572.27000000,73482.14000000,73572.27000000,16.44101000
1780281600000,73572.27000000,73892.52000000,73554.00000000,73782.01000000,85.98317000
1780281900000,73782.00000000,73858.85000000,73746.00000000,73802.00000000,23.20544000
1780282200000,73802.01000000,73846.39000000,73772.00000000,73794.00000000,37.43960000
1780282500000,73794.00000000,73809.80000000,73758.00000000,73790.00000000,46.97494000
1780282800000,73789.99000000,74019.58000000,73788.01000000,73971.30000000,117.83509000
1780283100000,73971.31000000,73984.00000000,73912.68000000,73973.48000000,23.81808000
1780283400000,73973.48000000,73973.48000000,73875.99000000,73882.01000000,24.02496000
1780283700000,73882.00000000,73947.12000000,73800.00000000,73918.09000000,45.97270000
1780284000000,73918.09000000,73974.00000000,73906.33000000,73949.89000000,35.33155000
1780284300000,73949.90000000,73949.90000000,73887.21000000,73921.77000000,25.52751000
1780284600000,73921.78000000,73979.23000000,73921.77000000,73944.29000000,26.24571000
1780284900000,73944.29000000,73969.72000000,73892.00000000,73892.00000000,20.94761000
1780285200000,73892.01000000,73904.89000000,73800.00000000,73849.99000000,32.44093000
1780285500000,73850.00000000,73909.05000000,73848.69000000,73890.45000000,15.26915000
1780285800000,73890.44000000,73900.00000000,73752.80000000,73752.81000000,70.16944000
1780286100000,73752.80000000,73773.72000000,73735.47000000,73769.06000000,22.85970000
1780286400000,73769.06000000,73841.37000000,73762.32000000,73785.43000000,58.17749000
1780286700000,73785.44000000,73785.44000000,73663.07000000,73676.60000000,22.68184000
1780287000000,73676.61000000,73676.61000000,73584.93000000,73604.91000000,23.96922000
1780287300000,73604.91000000,73619.48000000,73505.37000000,73513.11000000,28.38977000
1780287600000,73513.11000000,73513.11000000,73407.86000000,73434.87000000,35.15469000
1780287900000,73434.88000000,73454.00000000,73408.00000000,73408.01000000,22.95718000
1780288200000,73408.01000000,73478.34000000,73408.00000000,73443.17000000,31.04316000
1780288500000,73443.17000000,73474.01000000,73436.00000000,73450.24000000,22.68634000
1780288800000,73450.24000000,73492.50000000,73450.24000000,73491.99000000,19.77657000
1780289100000,73491.99000000,73492.00000000,73348.74000000,73414.00000000,25.21467000
1780289400000,73414.00000000,73521.69000000,73414.00000000,73521.68000000,17.05714000
1780289700000,73521.68000000,73589.51000000,73505.42000000,73536.01000000,28.53920000
1780290000000,73536.01000000,73536.01000000,73457.57000000,73511.68000000,19.04439000
1780290300000,73511.68000000,73526.00000000,73484.01000000,73494.00000000,12.49201000
1780290600000,73494.01000000,73540.10000000,73473.97000000,73540.00000000,61.46691000
1780290900000,73540.00000000,73541.48000000,73463.38000000,73468.17000000,33.32470000
1780291200000,73468.17000000,73533.11000000,73457.99000000,73457.99000000,23.37401000
1780291500000,73458.00000000,73458.00000000,73350.39000000,73351.70000000,24.72186000
1780291800000,73351.70000000,73423.34000000,73351.69000000,73396.01000000,18.53560000
1780292100000,73396.01000000,73409.01000000,73328.32000000,73391.84000000,19.07860000
1780292400000,73391.84000000,73426.38000000,73391.84000000,73426.37000000,20.17513000
1780292700000,73426.37000000,73465.56000000,73410.11000000,73419.85000000,101.26837000
1780293000000,73419.85000000,73445.66000000,73400.00000000,73400.00000000,59.91555000
1780293300000,73400.01000000,73406.95000000,73340.00000000,73350.00000000,10.80078000
1780293600000,73349.99000000,73368.00000000,73294.21000000,73313.50000000,26.34096000
1780293900000,73313.51000000,73313.51000000,73242.02000000,73248.35000000,38.43104000
1780294200000,73248.34000000,73314.00000000,73242.02000000,73289.99000000,26.85001000
1780294500000,73289.98000000,73326.00000000,73280.00000000,73280.00000000,47.75563000
1780294800000,73280.00000000,73280.00000000,73144.00000000,73238.00000000,71.19590000
1780295100000,73237.99000000,73237.99000000,73177.50000000,73192.82000000,34.87705000
1780295400000,73192.81000000,73234.00000000,73144.00000000,73197.16000000,127.87546000
1780295700000,73197.16000000,73197.16000000,73117.00000000,73142.14000000,58.26030000
1780296000000,73142.14000000,73142.14000000,73004.99000000,73009.81000000,89.89024000
1780296300000,73009.81000000,73184.43000000,72950.01000000,73183.77000000,145.47753000
1780296600000,73183.76000000,73211.91000000,73124.01000000,73124.01000000,39.95147000
1780296900000,73124.00000000,73146.57000000,73069.99000000,73135.74000000,33.38440000
1780297200000,73135.75000000,73135.75000000,73046.59000000,73120.00000000,50.06698000
1780297500000,73119.99000000,73203.85000000,73119.99000000,73195.56000000,33.17076000
1780297800000,73195.56000000,73201.00000000,73094.73000000,73117.33000000,28.43964000
1780298100000,73117.33000000,73136.32000000,73000.01000000,73125.00000000,99.20236000
1780298400000,73125.00000000,73125.01000000,72954.36000000,72980.79000000,60.75686000
1780298700000,72980.79000000,73024.00000000,72979.70000000,72979.71000000,46.24701000
1780299000000,72979.72000000,72979.72000000,72866.00000000,72907.52000000,96.35837000
1780299300000,72907.52000000,72968.00000000,72883.42000000,72956.00000000,75.84291000
1780299600000,72956.00000000,72996.00000000,72936.54000000,72952.40000000,65.07726000
1780299900000,72952.40000000,72963.92000000,72704.00000000,72752.00000000,129.35266000
1780300200000,72752.00000000,72869.53000000,72751.99000000,72833.95000000,99.24024000
1780300500000,72833.95000000,72865.58000000,72791.05000000,72818.00000000,49.88558000
1780300800000,72818.00000000,72862.17000000,72795.38000000,72835.99000000,44.70253000
1780301100000,72835.99000000,72860.00000000,72784.69000000,72809.87000000,31.75207000
1780301400000,72809.86000000,72855.80000000,72808.00000000,72821.33000000,35.43118000
1780301700000,72821.33000000,72830.72000000,72752.00000000,72830.71000000,35.03988000
1780302000000,72830.72000000,72862.43000000,72827.09000000,72836.01000000,37.01266000
1780302300000,72836.00000000,72840.00000000,72642.85000000,72733.03000000,68.59067000
1780302600000,72733.03000000,72848.40000000,72610.03000000,72827.29000000,187.41749000
1780302900000,72827.29000000,72860.00000000,72824.00000000,72860.00000000,30.80299000
1780303200000,72859.99000000,72859.99000000,72668.64000000,72756.73000000,151.45679000
1780303500000,72756.72000000,72835.15000000,72756.72000000,72819.07000000,52.05832000
1780303800000,72819.07000000,72826.00000000,72805.14000000,72816.49000000,32.16318000
1780304100000,72816.49000000,72921.38000000,72816.48000000,72902.65000000,45.06832000
1780304400000,72902.64000000,72985.46000000,72902.64000000,72966.16000000,36.94232000
1780304700000,72966.15000000,73018.14000000,72966.15000000,73015.03000000,26.10218000
1780305000000,73015.03000000,73018.13000000,72973.33000000,72973.34000000,73.33827000
1780305300000,72973.34000000,72993.78000000,72946.00000000,72993.78000000,25.08592000
1780305600000,72993.78000000,73033.16000000,72939.24000000,73002.76000000,161.01710000
1780305900000,73002.75000000,73095.64000000,73000.00000000,73011.70000000,40.06716000
1780306200000,73011.70000000,73048.07000000,72976.29000000,72993.64000000,39.99055000
1780306500000,72993.65000000,73001.92000000,72938.31000000,72980.00000000,31.86436000
1780306800000,72980.01000000,72994.19000000,72919.77000000,72948.38000000,52.47981000
1780307100000,72948.38000000,73006.44000000,72948.38000000,72979.99000000,49.07067000
1780307400000,72980.00000000,73004.01000000,72600.00000000,72867.90000000,1494.44746000
1780307700000,72867.90000000,72880.77000000,72852.38000000,72880.00000000,30.81040000
1780308000000,72880.00000000,72900.73000000,72780.00000000,72783.15000000,55.09531000
1780308300000,72783.15000000,72867.11000000,72772.82000000,72826.60000000,49.28925000
1780308600000,72826.60000000,72839.33000000,72781.18000000,72785.46000000,27.10328000
1780308900000,72785.46000000,72800.28000000,72738.36000000,72740.34000000,34.26166000
1780309200000,72740.34000000,72800.28000000,72668.73000000,72698.00000000,37.29703000
1780309500000,72698.01000000,72720.64000000,72669.80000000,72705.71000000,39.71679000
1780309800000,72705.72000000,72790.25000000,72626.08000000,72635.99000000,43.54428000
1780310100000,72635.99000000,72665.74000000,72592.27000000,72642.32000000,51.23681000
1780310400000,72642.33000000,72704.91000000,72642.33000000,72704.49000000,37.03987000
1780310700000,72704.48000000,72762.57000000,72704.48000000,72749.80000000,33.30441000
1780311000000,72749.80000000,72781.56000000,72733.99000000,72769.63000000,37.86574000
1780311300000,72769.62000000,72796.74000000,72730.84000000,72748.88000000,36.73297000
1780311600000,72748.88000000,72763.16000000,72704.00000000,72704.00000000,24.52655000
1780311900000,72704.01000000,72751.26000000,72673.26000000,72751.26000000,38.80116000
1780312200000,72751.25000000,72756.00000000,72659.33000000,72683.25000000,22.66092000
1780312500000,72683.25000000,72725.31000000,72667.99000000,72725.31000000,25.63007000
1780312800000,72725.31000000,72737.69000000,72660.00000000,72686.32000000,27.20667000
1780313100000,72686.32000000,72686.33000000,72654.24000000,72672.00000000,26.58041000
1780313400000,72672.01000000,72672.01000000,72610.17000000,72644.00000000,44.92910000
1780313700000,72643.99000000,72685.23000000,72641.20000000,72658.00000000,31.78110000
1780314000000,72658.00000000,72741.28000000,72658.00000000,72721.07000000,26.50393000
1780314300000,72721.07000000,72768.11000000,72702.01000000,72719.17000000,20.99157000
1780314600000,72719.18000000,72719.18000000,72670.00000000,72672.31000000,14.25637000
1780314900000,72672.31000000,72678.00000000,72290.00000000,72479.99000000,465.74251000
1780315200000,72480.00000000,72610.00000000,72194.03000000,72319.77000000,347.42881000
1780315500000,72318.55000000,72384.00000000,72051.00000000,72108.01000000,235.95165000
1780315800000,72108.01000000,72189.99000000,71902.98000000,72052.55000000,542.53374000
1780316100000,72052.55000000,72130.77000000,72028.00000000,72098.02000000,125.81239000
1780316400000,72098.02000000,72298.44000000,72094.83000000,72209.62000000,146.45876000
1780316700000,72209.61000000,72250.00000000,72186.08000000,72227.44000000,62.88164000
1780317000000,72227.44000000,72255.18000000,72188.88000000,72220.33000000,79.29224000
1780317300000,72220.33000000,72321.95000000,72212.65000000,72316.00000000,61.65481000
1780317600000,72316.00000000,72316.01000000,72210.33000000,72275.22000000,44.98236000
1780317900000,72275.22000000,72294.00000000,72116.34000000,72162.01000000,82.06817000
1780318200000,72162.01000000,72208.00000000,72122.00000000,72130.00000000,49.06331000
1780318500000,72130.00000000,72230.00000000,72130.00000000,72221.73000000,76.61097000
1780318800000,72221.74000000,72243.52000000,72016.04000000,72030.96000000,136.31231000
1780319100000,72030.95000000,72031.91000000,71990.93000000,72004.00000000,86.75769000
1780319400000,72004.01000000,72004.01000000,71736.20000000,71843.01000000,320.59661000
1780319700000,71843.02000000,72025.99000000,71840.00000000,71937.94000000,159.99654000
1780320000000,71937.94000000,71999.66000000,71776.11000000,71805.99000000,155.01976000
1780320300000,71805.99000000,71862.27000000,71750.00000000,71828.58000000,161.52642000
1780320600000,71828.59000000,72051.20000000,71647.01000000,71961.99000000,435.19870000
1780320900000,71961.99000000,72029.83000000,71871.93000000,71880.00000000,174.19244000
1780321200000,71880.00000000,71880.00000000,71581.03000000,71599.99000000,261.87365000
1780321500000,71599.99000000,71756.00000000,71595.43000000,71636.01000000,147.51790000
1780321800000,71636.02000000,71738.00000000,71580.00000000,71603.42000000,161.31436000
1780322100000,71603.42000000,72094.70000000,71389.88000000,71711.89000000,836.22858000
1780322400000,71711.89000000,71887.60000000,71605.82000000,71879.99000000,234.78047000
1780322700000,71880.00000000,71880.00000000,71629.96000000,71698.00000000,135.08640000
1780323000000,71698.00000000,71703.77000000,71526.70000000,71670.49000000,254.98070000
1780323300000,71670.49000000,71735.17000000,71536.02000000,71585.99000000,262.80094000
1780323600000,71585.99000000,71661.50000000,71562.27000000,71598.90000000,112.13801000
1780323900000,71598.90000000,71661.80000000,71472.00000000,71532.00000000,136.55044000
1780324200000,71532.00000000,71597.80000000,71363.43000000,71482.02000000,318.45198000
1780324500000,71482.01000000,71581.95000000,71457.72000000,71482.67000000,115.60849000
1780324800000,71482.67000000,71536.00000000,71414.28000000,71491.98000000,148.27781000
1780325100000,71491.99000000,71600.00000000,71464.01000000,71507.26000000,129.69675000
1780325400000,71507.26000000,71617.09000000,71414.28000000,71437.75000000,123.16028000
1780325700000,71437.75000000,71567.91000000,71428.00000000,71567.91000000,89.18341000
1780326000000,71567.91000000,71668.76000000,71550.46000000,71608.01000000,103.27245000
1780326300000,71608.01000000,71677.55000000,71538.72000000,71569.39000000,94.44361000
1780326600000,71569.38000000,71596.47000000,71426.15000000,71515.92000000,71.33588000
1780326900000,71515.92000000,71528.65000000,71248.00000000,71254.48000000,215.39056000
1780327200000,71254.49000000,71335.35000000,71177.72000000,71178.29000000,158.20785000
1780327500000,71178.29000000,71224.05000000,71066.33000000,71084.35000000,252.11419000
1780327800000,71084.35000000,71412.00000000,71076.00000000,71378.00000000,206.70745000
1780328100000,71377.99000000,71491.77000000,71268.13000000,71300.00000000,149.92490000
1780328400000,71299.99000000,71326.00000000,71261.68000000,71274.43000000,84.63420000
1780328700000,71274.42000000,71298.00000000,71154.00000000,71166.02000000,108.45606000
1780329000000,71166.02000000,71179.95000000,71092.11000000,71092.11000000,97.36752000
1780329300000,71092.12000000,71150.00000000,71072.57000000,71129.62000000,114.60948000
1780329600000,71129.62000000,71196.25000000,71106.67000000,71138.01000000,104.35861000
1780329900000,71138.01000000,71138.01000000,70896.85000000,70896.85000000,297.48890000
1780330200000,70896.86000000,70923.90000000,70686.68000000,70884.01000000,342.64658000
1780330500000,70884.01000000,70953.92000000,70813.88000000,70913.03000000,244.97173000
1780330800000,70913.02000000,70964.17000000,70889.82000000,70924.65000000,98.28782000
1780331100000,70924.65000000,71092.00000000,70918.04000000,71092.00000000,136.72877000
1780331400000,71091.99000000,71200.84000000,71042.58000000,71200.84000000,419.11936000
1780331700000,71200.83000000,71264.09000000,71102.10000000,71226.01000000,531.59345000
1780332000000,71226.01000000,71356.00000000,71203.38000000,71344.00000000,176.38401000
1780332300000,71344.00000000,71426.16000000,71343.99000000,71379.77000000,103.79553000
1780332600000,71379.77000000,71426.15000000,71341.94000000,71426.15000000,93.20048000
1780332900000,71426.15000000,71599.95000000,71426.14000000,71564.01000000,271.99885000
1780333200000,71564.01000000,71615.87000000,71473.16000000,71592.22000000,102.42671000
1780333500000,71592.22000000,71616.00000000,71559.29000000,71564.02000000,58.42469000
1780333800000,71564.01000000,71628.00000000,71564.01000000,71586.96000000,47.84763000
1780334100000,71586.95000000,71656.60000000,71469.64000000,71532.12000000,77.76040000
1780334400000,71532.12000000,71569.38000000,71524.90000000,71545.68000000,38.32804000
1780334700000,71545.69000000,71736.87000000,71516.02000000,71733.33000000,90.98456000
1780335000000,71733.32000000,71780.40000000,71531.51000000,71540.00000000,133.71476000
1780335300000,71540.01000000,71625.44000000,71532.41000000,71581.99000000,61.27239000
1780335600000,71582.00000000,71750.00000000,71564.00000000,71722.16000000,209.96528000
1780335900000,71722.16000000,71745.76000000,71655.98000000,71741.38000000,46.43341000
1780336200000,71741.37000000,71800.73000000,71687.05000000,71715.98000000,88.63849000
1780336500000,71715.98000000,71750.23000000,71622.67000000,71646.01000000,43.66103000
1780336800000,71646.00000000,71687.28000000,71600.00000000,71600.01000000,36.41712000
1780337100000,71600.00000000,71604.24000000,71542.96000000,71582.00000000,54.17789000
1780337400000,71582.00000000,71598.86000000,71465.28000000,71477.46000000,63.03391000
1780337700000,71477.46000000,71507.59000000,71384.38000000,71399.58000000,55.70178000
1780338000000,71399.57000000,71464.57000000,71382.00000000,71419.93000000,50.49470000
1780338300000,71419.93000000,71545.16000000,71419.93000000,71545.15000000,36.26073000
1780338600000,71545.16000000,71675.99000000,71524.40000000,71623.31000000,54.77181000
1780338900000,71623.32000000,71653.33000000,71569.42000000,71581.99000000,27.47704000
1780339200000,71582.00000000,71620.00000000,71506.67000000,71506.67000000,27.53362000
1780339500000,71506.67000000,71506.68000000,71419.93000000,71429.48000000,60.15958000
1780339800000,71429.48000000,71553.32000000,71396.00000000,71545.21000000,94.91026000
1780340100000,71545.22000000,71545.22000000,71492.00000000,71498.64000000,106.41824000
1780340400000,71498.64000000,71499.85000000,71452.00000000,71464.00000000,24.46356000
1780340700000,71464.00000000,71474.00000000,71431.17000000,71445.81000000,23.04717000
1780341000000,71445.81000000,71454.00000000,71414.21000000,71433.02000000,20.96707000
1780341300000,71433.02000000,71443.26000000,71386.00000000,71418.00000000,45.96279000
1780341600000,71417.99000000,71476.00000000,71417.99000000,71466.53000000,33.50086000
1780341900000,71466.52000000,71621.62000000,71452.51000000,71621.61000000,49.68879000
1780342200000,71621.61000000,71666.00000000,71605.91000000,71646.83000000,37.43567000
1780342500000,71646.84000000,71646.84000000,71563.31000000,71641.52000000,37.19704000
1780342800000,71641.51000000,71650.92000000,71535.94000000,71638.93000000,49.60651000
1780343100000,71638.01000000,71638.01000000,71520.40000000,71520.41000000,29.42062000
1780343400000,71520.40000000,71587.87000000,71507.60000000,71542.48000000,43.61999000
1780343700000,71542.47000000,71597.72000000,71524.00000000,71595.24000000,37.93572000
1780344000000,71595.24000000,71595.24000000,71520.01000000,71536.07000000,13.88879000
1780344300000,71536.07000000,71564.00000000,71526.87000000,71540.58000000,7.42876000
1780344600000,71540.58000000,71576.00000000,71524.74000000,71570.80000000,13.55579000
1780344900000,71570.80000000,71616.08000000,71525.10000000,71616.07000000,11.46104000
1780345200000,71616.08000000,71690.00000000,71600.00000000,71614.02000000,42.27294000
1780345500000,71614.02000000,71614.03000000,71563.55000000,71602.00000000,13.38848000
1780345800000,71602.00000000,71629.58000000,71584.55000000,71619.99000000,16.39137000
1780346100000,71620.00000000,71670.01000000,71619.99000000,71646.90000000,21.02362000
1780346400000,71646.89000000,71646.89000000,71577.41000000,71591.65000000,39.03371000
1780346700000,71591.65000000,71608.00000000,71568.51000000,71593.12000000,24.88905000
1780347000000,71593.12000000,71593.12000000,71504.00000000,71504.00000000,25.77354000
1780347300000,71504.00000000,71504.01000000,71419.64000000,71446.00000000,44.16521000
1780347600000,71445.99000000,71449.98000000,71381.11000000,71420.19000000,39.36442000
1780347900000,71420.20000000,71428.57000000,71156.00000000,71156.00000000,81.09878000
1780348200000,71156.01000000,71225.22000000,71154.36000000,71220.00000000,61.22128000
1780348500000,71220.00000000,71223.13000000,71083.33000000,71124.66000000,49.70373000
1780348800000,71124.67000000,71226.00000000,71124.67000000,71217.99000000,34.37030000
1780349100000,71218.00000000,71230.00000000,71095.83000000,71148.56000000,69.79225000
1780349400000,71148.57000000,71158.00000000,71116.00000000,71124.00000000,19.79439000
1780349700000,71124.00000000,71130.00000000,71068.20000000,71106.86000000,19.55598000
1780350000000,71106.85000000,71142.41000000,70941.95000000,71014.38000000,75.20253000
1780350300000,71014.37000000,71106.67000000,70975.54000000,71102.56000000,60.67933000
1780350600000,71102.55000000,71120.00000000,71029.99000000,71043.99000000,26.10150000
1780350900000,71043.99000000,71086.00000000,70974.06000000,71038.01000000,36.97347000
1780351200000,71038.01000000,71038.01000000,70888.00000000,70899.75000000,61.07904000
1780351500000,70899.74000000,70948.63000000,70840.90000000,70914.85000000,48.79249000
1780351800000,70914.84000000,70994.00000000,70914.84000000,70976.01000000,65.25672000
1780352100000,70976.01000000,71174.98000000,70976.00000000,71172.60000000,122.69217000
1780352400000,71172.60000000,71190.00000000,71142.77000000,71142.78000000,66.80254000
1780352700000,71142.78000000,71326.00000000,71142.77000000,71284.30000000,148.76671000
1780353000000,71284.29000000,71357.50000000,71206.00000000,71206.01000000,41.97355000
1780353300000,71206.01000000,71222.18000000,71082.00000000,71127.45000000,35.79991000
1780353600000,71127.45000000,71172.49000000,71090.00000000,71141.29000000,34.18676000
1780353900000,71141.29000000,71379.77000000,71141.28000000,71378.00000000,61.28108000
1780354200000,71378.00000000,71400.65000000,71352.33000000,71365.47000000,46.61625000
1780354500000,71365.46000000,71460.00000000,71365.46000000,71408.00000000,37.38801000
1780354800000,71407.99000000,71420.23000000,71355.36000000,71382.00000000,36.19199000
1780355100000,71381.99000000,71393.83000000,71320.27000000,71371.26000000,34.99690000
1780355400000,71371.26000000,71441.42000000,71352.00000000,71366.24000000,30.65634000
1780355700000,71366.24000000,71470.00000000,71366.23000000,71428.00000000,59.02753000
1780356000000,71428.00000000,71428.01000000,71346.44000000,71346.44000000,24.92680000
1780356300000,71346.45000000,71361.14000000,71248.00000000,71248.00000000,42.05788000
1780356600000,71248.01000000,71327.81000000,71225.29000000,71327.29000000,36.43387000
1780356900000,71327.29000000,71583.29000000,71315.70000000,71510.00000000,146.84797000
1780357200000,71510.00000000,71583.29000000,71498.37000000,71510.01000000,36.45671000
1780357500000,71510.00000000,71552.00000000,71478.00000000,71542.00000000,29.16377000
1780357800000,71542.00000000,71548.38000000,71396.84000000,71439.78000000,66.38317000
1780358100000,71439.77000000,71439.78000000,71372.21000000,71408.90000000,54.93496000
1780358400000,71408.90000000,71408.90000000,71319.99000000,71325.84000000,93.87093000
1780358700000,71325.85000000,71341.58000000,71282.25000000,71282.26000000,80.44248000
1780359000000,71282.26000000,71316.72000000,71255.16000000,71268.01000000,49.38235000
1780359300000,71268.01000000,71303.77000000,71208.01000000,71208.01000000,43.25750000
1780359600000,71208.01000000,71234.00000000,71166.96000000,71175.11000000,34.00578000
1780359900000,71175.10000000,71230.00000000,71154.01000000,71230.00000000,51.79136000
1780360200000,71230.00000000,71300.00000000,71196.00000000,71244.01000000,53.16661000
1780360500000,71244.01000000,71292.52000000,71160.84000000,71180.07000000,36.73545000
1780360800000,71180.07000000,71198.00000000,71100.00000000,71180.00000000,51.32424000
1780361100000,71180.01000000,71199.85000000,71149.99000000,71184.35000000,37.37445000
1780361400000,71184.34000000,71277.38000000,71184.34000000,71277.38000000,90.83396000
1780361700000,71277.38000000,71303.09000000,71255.99000000,71289.23000000,55.51807000
1780362000000,71289.24000000,71355.62000000,71251.74000000,71261.99000000,69.88049000
1780362300000,71261.99000000,71332.61000000,71228.01000000,71239.99000000,40.21376000
1780362600000,71240.00000000,71372.00000000,71240.00000000,71369.99000000,40.65953000
1780362900000,71369.99000000,71370.00000000,71269.67000000,71302.01000000,48.24882000
1780363200000,71302.00000000,71334.00000000,71269.67000000,71289.99000000,65.74406000
1780363500000,71289.99000000,71336.00000000,71200.00000000,71207.77000000,96.60177000
1780363800000,71207.77000000,71223.13000000,70952.94000000,70969.82000000,278.30807000
1780364100000,70969.81000000,71003.99000000,70788.02000000,70847.33000000,112.41168000
1780364400000,70847.14000000,70994.00000000,70838.00000000,70960.01000000,49.15576000
1780364700000,70960.01000000,70960.01000000,70767.75000000,70912.12000000,73.66469000
1780365000000,70912.12000000,70937.75000000,70839.39000000,70839.40000000,33.46031000
1780365300000,70839.39000000,70866.45000000,70607.57000000,70652.47000000,126.50353000
1780365600000,70652.47000000,70724.01000000,70517.90000000,70578.59000000,146.77771000
1780365900000,70578.59000000,70582.45000000,70111.00000000,70260.40000000,486.42216000
1780366200000,70260.40000000,70346.64000000,70157.81000000,70346.64000000,95.01888000
1780366500000,70346.64000000,70359.96000000,70157.80000000,70253.92000000,86.82602000
1780366800000,70253.92000000,70555.00000000,70253.92000000,70547.55000000,117.78897000
1780367100000,70547.55000000,70822.00000000,70547.55000000,70807.51000000,130.07092000
1780367400000,70807.51000000,70826.00000000,70736.00000000,70776.01000000,53.05390000
1780367700000,70776.01000000,70880.63000000,70733.29000000,70741.14000000,56.34280000
1780368000000,70741.13000000,70741.13000000,70581.18000000,70599.26000000,30.92981000
1780368300000,70599.26000000,70752.63000000,70583.00000000,70650.00000000,26.36265000
1780368600000,70650.00000000,70775.61000000,70635.81000000,70687.99000000,43.29437000
1780368900000,70687.99000000,70846.65000000,70670.87000000,70846.49000000,47.25621000
1780369200000,70846.48000000,70956.01000000,70806.00000000,70955.14000000,59.12671000
1780369500000,70955.15000000,71041.04000000,70955.14000000,71015.26000000,58.86906000
1780369800000,71015.27000000,71028.87000000,70896.00000000,70901.43000000,25.62830000
1780370100000,70901.43000000,71000.10000000,70901.43000000,70912.15000000,29.81500000
1780370400000,70912.16000000,70967.87000000,70823.74000000,70946.80000000,30.81298000
1780370700000,70946.79000000,71000.11000000,70936.26000000,70958.00000000,29.43112000
1780371000000,70958.00000000,71004.72000000,70914.00000000,70939.66000000,34.55630000
1780371300000,70939.66000000,70980.00000000,70929.82000000,70958.97000000,42.06018000
1780371600000,70958.98000000,70989.26000000,70930.00000000,70989.26000000,55.64199000
1780371900000,70989.27000000,71011.10000000,70938.05000000,70950.83000000,42.49080000
1780372200000,70950.83000000,71014.54000000,70950.83000000,71010.53000000,62.05792000
1780372500000,71010.54000000,71010.54000000,70936.49000000,70953.69000000,22.45717000
1780372800000,70953.70000000,71013.90000000,70932.00000000,70952.00000000,29.14778000
1780373100000,70952.00000000,70988.06000000,70776.63000000,70794.45000000,53.44533000
1780373400000,70794.44000000,70803.17000000,70713.54000000,70770.81000000,36.88311000
1780373700000,70770.81000000,70905.91000000,70770.81000000,70888.00000000,61.56454000
1780374000000,70888.00000000,70911.70000000,70816.82000000,70876.49000000,33.38525000
1780374300000,70876.48000000,71028.25000000,70860.96000000,70975.89000000,57.37246000
1780374600000,70975.90000000,71030.00000000,70922.00000000,71030.00000000,31.14422000
1780374900000,71029.99000000,71048.00000000,71000.00000000,71037.99000000,33.85270000
1780375200000,71037.99000000,71038.00000000,70994.47000000,71027.34000000,23.52120000
1780375500000,71027.35000000,71027.35000000,70909.98000000,70909.98000000,43.05259000
1780375800000,70909.98000000,70916.00000000,70860.36000000,70900.01000000,25.22037000
1780376100000,70900.00000000,70900.00000000,70764.00000000,70810.00000000,60.77799000
1780376400000,70810.00000000,70847.66000000,70600.37000000,70608.53000000,37.69832000
1780376700000,70608.53000000,70699.17000000,70590.00000000,70682.01000000,64.27712000
1780377000000,70682.01000000,70835.35000000,70667.50000000,70810.01000000,44.53630000
1780377300000,70810.00000000,70814.01000000,70719.18000000,70732.75000000,23.04317000
1780377600000,70732.74000000,70765.39000000,70715.23000000,70715.25000000,25.76783000
1780377900000,70715.25000000,70715.25000000,70582.29000000,70602.61000000,58.08140000
1780378200000,70602.61000000,70723.73000000,70529.82000000,70669.99000000,68.82083000
1780378500000,70670.00000000,70681.20000000,70590.00000000,70610.03000000,88.43005000
1780378800000,70610.03000000,70610.03000000,70437.95000000,70534.91000000,119.70209000
1780379100000,70534.37000000,70534.37000000,70405.85000000,70434.33000000,125.26942000
1780379400000,70434.34000000,70459.99000000,70353.86000000,70385.99000000,60.71443000
1780379700000,70385.99000000,70394.85000000,70267.79000000,70268.96000000,115.77685000
1780380000000,70268.97000000,70389.56000000,70262.00000000,70367.83000000,68.57551000
1780380300000,70367.83000000,70442.00000000,70356.00000000,70410.01000000,57.91888000
1780380600000,70410.01000000,70410.01000000,70230.00000000,70310.01000000,58.16438000
1780380900000,70310.01000000,70393.99000000,70298.00000000,70298.00000000,35.81635000
1780381200000,70298.00000000,70332.16000000,70239.60000000,70242.21000000,57.35590000
1780381500000,70242.21000000,70378.00000000,70230.45000000,70370.19000000,40.00885000
1780381800000,70370.20000000,70424.40000000,70322.56000000,70360.01000000,100.71821000
1780382100000,70360.01000000,70364.00000000,70276.25000000,70322.94000000,110.50178000
1780382400000,70322.95000000,70352.00000000,70258.00000000,70258.00000000,94.95579000
1780382700000,70258.00000000,70314.97000000,70008.00000000,70237.03000000,295.04824000
1780383000000,70237.02000000,70335.39000000,70110.00000000,70177.15000000,89.47761000
1780383300000,70177.14000000,70177.14000000,69958.49000000,70106.31000000,498.60799000
1780383600000,70106.31000000,70166.66000000,69733.00000000,69839.98000000,443.61165000
1780383900000,69839.98000000,70016.48000000,69835.07000000,69982.00000000,108.34003000
1780384200000,69982.01000000,70073.48000000,69974.00000000,70050.38000000,75.07736000
1780384500000,70050.38000000,70275.86000000,70050.37000000,70192.46000000,76.06547000
1780384800000,70192.46000000,70192.46000000,70034.11000000,70034.12000000,53.54637000
1780385100000,70034.12000000,70034.12000000,69835.65000000,69913.99000000,78.32796000
1780385400000,69914.00000000,70140.11000000,69907.17000000,70111.55000000,136.15922000
1780385700000,70111.56000000,70257.80000000,70076.00000000,70204.22000000,97.42373000
1780386000000,70204.22000000,70246.30000000,70193.37000000,70213.38000000,86.85026000
1780386300000,70213.38000000,70213.38000000,70073.71000000,70125.24000000,89.13155000
1780386600000,70125.25000000,70172.97000000,70095.36000000,70133.98000000,64.73378000
1780386900000,70133.98000000,70218.49000000,70108.00000000,70118.42000000,79.53075000
1780387200000,70118.42000000,70172.00000000,70018.00000000,70021.99000000,61.57850000
1780387500000,70021.99000000,70085.99000000,70002.55000000,70005.82000000,56.61123000
1780387800000,70005.82000000,70076.00000000,69966.97000000,70055.01000000,110.01216000
1780388100000,70055.01000000,70055.01000000,69934.01000000,69977.83000000,41.23658000
1780388400000,69978.00000000,70004.03000000,69893.09000000,69908.60000000,104.97892000
1780388700000,69908.60000000,70088.00000000,69873.19000000,70020.00000000,79.00557000
1780389000000,70019.99000000,70080.00000000,70010.15000000,70027.69000000,59.73317000
1780389300000,70027.70000000,70027.70000000,69908.01000000,69951.86000000,59.39963000
1780389600000,69951.86000000,69955.32000000,69860.03000000,69861.75000000,22.72813000
1780389900000,69861.75000000,69943.33000000,69800.00000000,69801.30000000,119.01010000
1780390200000,69801.31000000,69833.62000000,69775.00000000,69775.00000000,131.57331000
1780390500000,69775.01000000,69849.00000000,69705.30000000,69821.99000000,98.78260000
1780390800000,69822.00000000,69849.00000000,69590.92000000,69597.09000000,270.88605000
1780391100000,69597.10000000,69714.00000000,69597.09000000,69654.57000000,184.04159000
1780391400000,69654.58000000,69654.58000000,69500.00000000,69555.96000000,185.21959000
1780391700000,69555.97000000,69628.53000000,69491.45000000,69612.75000000,133.29837000
1780392000000,69612.74000000,69614.00000000,69417.93000000,69489.99000000,126.77090000
1780392300000,69489.99000000,69489.99000000,69324.65000000,69399.10000000,129.94694000
1780392600000,69399.10000000,69550.00000000,69349.03000000,69526.71000000,116.30991000
1780392900000,69526.70000000,69566.96000000,69475.00000000,69475.31000000,67.86428000
1780393200000,69475.31000000,69514.00000000,69424.29000000,69490.01000000,101.30825000
1780393500000,69490.01000000,69524.00000000,69380.01000000,69496.28000000,95.80852000
1780393800000,69496.28000000,69510.93000000,69396.46000000,69396.47000000,38.80043000
1780394100000,69396.47000000,69454.41000000,69392.16000000,69426.01000000,48.96370000
1780394400000,69426.01000000,69533.23000000,69336.98000000,69522.01000000,203.70584000
1780394700000,69522.01000000,69648.00000000,69501.23000000,69636.00000000,119.02392000
1780395000000,69636.00000000,69756.00000000,69602.75000000,69657.99000000,104.48662000
1780395300000,69658.00000000,69724.16000000,69642.00000000,69724.16000000,39.66621000
1780395600000,69724.15000000,69724.16000000,69518.00000000,69544.39000000,74.70756000
1780395900000,69544.40000000,69662.57000000,69533.41000000,69646.01000000,25.63994000
1780396200000,69646.00000000,69673.93000000,69504.01000000,69512.00000000,43.42458000
1780396500000,69512.00000000,69535.29000000,69448.00000000,69496.00000000,60.86549000
1780396800000,69495.99000000,69513.44000000,69470.00000000,69474.00000000,29.66609000
1780397100000,69474.00000000,69530.08000000,69470.73000000,69480.00000000,93.48032000
1780397400000,69480.00000000,69690.18000000,69479.99000000,69662.12000000,68.09323000
1780397700000,69662.11000000,69690.18000000,69645.05000000,69652.19000000,42.10812000
1780398000000,69652.18000000,69659.47000000,69568.21000000,69587.25000000,32.10025000
1780398300000,69587.26000000,69611.52000000,69557.08000000,69602.00000000,24.52857000
1780398600000,69602.00000000,69608.01000000,69497.14000000,69552.00000000,38.20908000
1780398900000,69551.99000000,69566.06000000,69430.00000000,69450.01000000,45.19745000
1780399200000,69450.01000000,69522.20000000,69443.51000000,69522.08000000,36.34290000
1780399500000,69522.09000000,69536.00000000,69465.64000000,69495.99000000,29.50971000
1780399800000,69495.99000000,69495.99000000,69397.83000000,69430.00000000,54.97282000
1780400100000,69429.99000000,69517.36000000,69420.00000000,69516.74000000,39.15702000
1780400400000,69516.73000000,69531.76000000,69474.00000000,69474.00000000,24.82173000
1780400700000,69474.00000000,69547.99000000,69463.27000000,69536.01000000,19.33034000
1780401000000,69536.00000000,69607.03000000,69512.00000000,69587.25000000,46.93467000
1780401300000,69587.26000000,69587.26000000,69461.72000000,69461.72000000,26.48948000
1780401600000,69461.73000000,69548.13000000,69392.00000000,69490.01000000,63.15828000
1780401900000,69490.00000000,69490.00000000,69288.00000000,69468.63000000,145.80079000
1780402200000,69468.63000000,69482.83000000,69319.91000000,69343.99000000,159.82265000
1780402500000,69344.00000000,69364.00000000,69242.02000000,69245.15000000,90.00707000
1780402800000,69245.14000000,69439.85000000,69242.02000000,69407.48000000,63.92734000
1780403100000,69407.49000000,69409.78000000,69268.55000000,69286.03000000,52.71399000
1780403400000,69286.03000000,69286.04000000,69160.00000000,69173.84000000,133.12694000
1780403700000,69173.84000000,69190.97000000,69100.00000000,69104.00000000,182.20247000
1780404000000,69104.00000000,69243.85000000,69074.00000000,69215.51000000,95.80589000
1780404300000,69215.52000000,69250.00000000,69116.01000000,69130.04000000,98.89499000
1780404600000,69130.04000000,69130.04000000,69063.86000000,69063.87000000,70.13569000
1780404900000,69063.87000000,69095.14000000,68989.61000000,69010.42000000,226.66542000
1780405200000,69010.41000000,69180.00000000,68936.00000000,69106.01000000,291.21144000
1780405500000,69106.00000000,69120.00000000,68980.00000000,69005.99000000,108.57557000
1780405800000,69006.00000000,69066.00000000,68899.00000000,68918.81000000,93.62043000
1780406100000,68918.81000000,69056.57000000,68872.00000000,68994.00000000,164.72500000
1780406400000,68994.01000000,69100.00000000,68994.00000000,69062.01000000,140.63553000
1780406700000,69062.00000000,69100.00000000,69002.78000000,69020.00000000,117.53581000
1780407000000,69019.99000000,69106.00000000,68920.00000000,68957.10000000,144.64830000
1780407300000,68957.10000000,68976.00000000,68806.96000000,68880.71000000,199.37417000
1780407600000,68880.70000000,68968.56000000,68768.01000000,68879.76000000,195.76129000
1780407900000,68879.76000000,68980.45000000,68836.00000000,68890.01000000,102.31689000
1780408200000,68890.00000000,68897.79000000,68782.28000000,68795.93000000,93.81827000
1780408500000,68795.94000000,68839.85000000,68757.03000000,68811.91000000,110.60636000
1780408800000,68809.93000000,68836.00000000,68611.81000000,68635.99000000,235.68330000
1780409100000,68635.99000000,68739.25000000,68430.35000000,68433.50000000,319.91332000
1780409400000,68433.50000000,68696.05000000,68307.80000000,68584.00000000,335.28811000
1780409700000,68584.01000000,68584.01000000,68300.89000000,68333.36000000,214.10915000
1780410000000,68333.37000000,68388.00000000,67940.45000000,68006.32000000,856.82126000
1780410300000,68006.32000000,68113.13000000,67617.85000000,67884.28000000,722.39645000
1780410600000,67884.29000000,68145.12000000,67860.00000000,68069.72000000,282.32527000
1780410900000,68069.74000000,68280.00000000,68045.61000000,68084.00000000,236.20914000
1780411200000,68084.00000000,68084.00000000,67900.00000000,68023.58000000,235.54489000
1780411500000,68023.58000000,68262.00000000,68016.65000000,68246.51000000,143.45904000
1780411800000,68246.51000000,68280.00000000,68082.72000000,68102.09000000,96.50793000
1780412100000,68102.10000000,68153.18000000,67980.66000000,68019.30000000,167.53841000
1780412400000,68019.30000000,68037.46000000,67830.00000000,67930.47000000,155.01146000
1780412700000,67930.48000000,68094.60000000,67930.48000000,68004.01000000,183.56495000
1780413000000,68004.01000000,68011.82000000,67822.00000000,67854.49000000,142.74489000
1780413300000,67854.49000000,67854.49000000,67628.31000000,67703.23000000,176.86601000
1780413600000,67704.11000000,67790.49000000,67533.00000000,67599.11000000,280.59652000
1780413900000,67599.11000000,67618.49000000,67372.61000000,67450.00000000,300.88427000
1780414200000,67450.01000000,67499.69000000,67166.00000000,67246.92000000,392.73329000
1780414500000,67246.93000000,67300.00000000,67076.00000000,67196.56000000,322.82585000
1780414800000,67196.55000000,67373.36000000,67196.55000000,67277.59000000,193.50386000
1780415100000,67277.59000000,67495.13000000,67155.06000000,67174.23000000,161.08305000
1780415400000,67174.23000000,67214.37000000,67112.70000000,67171.15000000,125.14974000
1780415700000,67171.16000000,67332.91000000,67146.17000000,67304.28000000,108.83080000
1780416000000,67304.29000000,67450.09000000,67228.45000000,67436.56000000,76.34876000
1780416300000,67436.57000000,67590.36000000,67372.81000000,67571.84000000,129.50802000
1780416600000,67571.84000000,67969.68000000,67519.42000000,67928.45000000,258.23490000
1780416900000,67928.45000000,68146.30000000,67842.99000000,68084.39000000,295.44010000
1780417200000,68084.40000000,68102.46000000,67799.02000000,67828.00000000,134.50138000
1780417500000,67828.00000000,67896.00000000,67787.28000000,67863.72000000,96.34665000
1780417800000,67863.72000000,67868.75000000,67795.30000000,67795.31000000,102.85433000
1780418100000,67795.32000000,67815.93000000,67541.65000000,67610.00000000,315.61590000
1780418400000,67610.01000000,67700.00000000,67568.00000000,67631.67000000,59.63964000
1780418700000,67631.68000000,67833.96000000,67623.19000000,67762.00000000,128.87390000
1780419000000,67762.00000000,67762.01000000,67541.29000000,67545.67000000,80.76491000
1780419300000,67545.67000000,67594.01000000,67404.31000000,67413.44000000,111.80113000
1780419600000,67413.44000000,67573.40000000,67378.00000000,67531.50000000,81.63510000
1780419900000,67531.51000000,67626.00000000,67411.11000000,67446.89000000,81.48070000
1780420200000,67446.88000000,67536.00000000,67442.00000000,67507.19000000,60.23468000
1780420500000,67507.18000000,67572.30000000,67460.00000000,67568.54000000,53.21675000
1780420800000,67568.53000000,67801.54000000,67568.00000000,67801.53000000,92.50322000
1780421100000,67801.54000000,67806.00000000,67716.01000000,67740.01000000,56.14349000
1780421400000,67740.00000000,67837.53000000,67576.00000000,67622.01000000,70.27855000
1780421700000,67622.01000000,67698.49000000,67616.00000000,67661.35000000,43.60994000
1780422000000,67661.35000000,67661.35000000,67477.39000000,67496.25000000,67.16143000
1780422300000,67496.25000000,67514.00000000,67420.00000000,67454.44000000,117.00492000
1780422600000,67454.43000000,67508.00000000,67390.60000000,67456.00000000,119.40422000
1780422900000,67456.00000000,67524.00000000,67425.82000000,67492.34000000,63.21850000
1780423200000,67492.34000000,67593.99000000,67490.00000000,67537.19000000,84.91198000
1780423500000,67537.19000000,67627.97000000,67516.01000000,67604.00000000,102.34642000
1780423800000,67604.00000000,67661.70000000,67584.00000000,67600.01000000,52.39292000
1780424100000,67600.00000000,67616.00000000,67533.33000000,67542.92000000,79.81473000
1780424400000,67542.91000000,67556.62000000,67404.00000000,67404.00000000,59.79458000
1780424700000,67404.00000000,67449.54000000,67288.78000000,67301.56000000,111.15987000
1780425000000,67301.56000000,67363.38000000,67253.94000000,67290.02000000,73.65400000
1780425300000,67290.02000000,67312.86000000,67215.92000000,67244.01000000,74.04701000
1780425600000,67244.01000000,67300.00000000,67200.00000000,67300.00000000,59.60811000
1780425900000,67300.00000000,67313.82000000,67205.53000000,67286.00000000,59.48130000
1780426200000,67286.00000000,67290.46000000,67124.20000000,67124.21000000,95.30411000
1780426500000,67124.21000000,67358.88000000,67124.21000000,67341.99000000,73.63094000
1780426800000,67341.99000000,67424.30000000,67262.68000000,67275.28000000,105.15984000
1780427100000,67275.29000000,67356.00000000,67230.48000000,67280.66000000,101.16777000
1780427400000,67280.65000000,67372.08000000,67280.65000000,67344.89000000,81.71137000
1780427700000,67344.90000000,67372.93000000,67169.94000000,67183.62000000,67.02945000
1780428000000,67183.61000000,67240.00000000,67100.22000000,67100.22000000,89.56183000
1780428300000,67100.22000000,67188.72000000,66932.00000000,66978.20000000,425.62234000
1780428600000,66978.21000000,67018.00000000,66432.00000000,66590.00000000,787.41424000
1780428900000,66590.01000000,66816.39000000,66583.34000000,66773.66000000,176.76032000
1780429200000,66773.66000000,66964.01000000,66638.93000000,66925.61000000,108.37886000
1780429500000,66925.61000000,67160.00000000,66874.14000000,67153.56000000,102.20097000
1780429800000,67153.36000000,67498.00000000,67128.14000000,67202.00000000,203.03622000
1780430100000,67202.01000000,67316.68000000,67167.42000000,67315.14000000,85.12800000
1780430400000,67315.14000000,67315.15000000,67091.79000000,67289.64000000,134.14710000
1780430700000,67289.64000000,67464.87000000,67289.64000000,67441.45000000,210.96206000
1780431000000,67441.45000000,67487.50000000,67355.99000000,67381.97000000,253.26746000
1780431300000,67381.98000000,67405.18000000,67094.68000000,67135.99000000,235.86366000
1780431600000,67136.00000000,67143.40000000,66957.24000000,67019.98000000,114.04715000
1780431900000,67019.98000000,67056.00000000,66911.20000000,66962.17000000,107.00224000
1780432200000,66962.18000000,67362.81000000,66949.90000000,67186.00000000,226.91902000
1780432500000,67186.00000000,67310.00000000,67186.00000000,67292.01000000,70.08707000
1780432800000,67292.00000000,67302.00000000,67202.50000000,67302.00000000,41.60088000
1780433100000,67301.99000000,67490.00000000,67301.99000000,67490.00000000,76.67530000
1780433400000,67490.00000000,67689.65000000,67463.24000000,67613.34000000,121.34184000
1780433700000,67613.34000000,67652.00000000,67580.01000000,67587.77000000,45.70228000
1780434000000,67587.78000000,67682.00000000,67552.30000000,67576.00000000,89.51552000
1780434300000,67576.00000000,67806.92000000,67575.99000000,67645.61000000,98.39761000
1780434600000,67645.61000000,67691.52000000,67412.00000000,67470.97000000,95.06405000
1780434900000,67470.96000000,67690.00000000,67470.96000000,67689.99000000,52.03321000
1780435200000,67689.99000000,67820.00000000,67689.99000000,67778.13000000,48.51966000
1780435500000,67778.12000000,67918.00000000,67764.00000000,67887.99000000,91.37939000
1780435800000,67887.99000000,67908.00000000,67818.51000000,67899.61000000,44.39065000
1780436100000,67899.61000000,67923.24000000,67800.00000000,67818.00000000,48.83532000
1780436400000,67817.99000000,67829.99000000,67712.00000000,67732.00000000,58.11482000
1780436700000,67732.00000000,67732.00000000,67605.64000000,67609.02000000,58.16076000
1780437000000,67609.01000000,67653.41000000,67516.00000000,67526.00000000,56.87018000
1780437300000,67526.00000000,67642.00000000,67511.00000000,67566.01000000,24.25816000
1780437600000,67566.01000000,67566.01000000,67304.01000000,67369.99000000,116.49220000
1780437900000,67369.99000000,67444.00000000,67312.52000000,67363.99000000,46.59895000
1780438200000,67363.99000000,67377.99000000,67212.97000000,67217.79000000,56.75849000
1780438500000,67217.80000000,67250.97000000,66933.33000000,67059.25000000,294.07000000
1780438800000,67059.25000000,67417.83000000,67024.00000000,67370.00000000,103.45553000
1780439100000,67370.00000000,67434.00000000,67294.00000000,67294.00000000,64.22550000
1780439400000,67294.01000000,67310.00000000,67054.00000000,67061.64000000,77.13513000
1780439700000,67061.65000000,67126.00000000,66906.58000000,66923.99000000,110.85478000
1780440000000,66924.00000000,66980.00000000,66804.00000000,66956.01000000,158.79286000
1780440300000,66956.00000000,66956.00000000,66611.68000000,66760.01000000,243.43627000
1780440600000,66760.01000000,66836.00000000,66363.27000000,66575.41000000,311.08767000
1780440900000,66575.41000000,66741.72000000,66244.02000000,66385.20000000,273.50929000
1780441200000,66385.20000000,66410.00000000,66201.77000000,66325.07000000,293.57332000
1780441500000,66325.07000000,66653.99000000,66285.25000000,66482.00000000,152.61408000
1780441800000,66482.00000000,66692.00000000,66471.10000000,66692.00000000,74.57350000
1780442100000,66692.00000000,66769.24000000,66526.23000000,66538.00000000,121.88244000
1780442400000,66538.01000000,66657.34000000,66374.53000000,66446.00000000,156.12485000
1780442700000,66446.00000000,66476.00000000,66193.00000000,66443.99000000,151.74028000
1780443000000,66443.99000000,66622.00000000,66252.00000000,66548.01000000,170.72717000
1780443300000,66548.01000000,66636.00000000,66416.00000000,66554.01000000,119.19533000
1780443600000,66554.00000000,66736.00000000,66475.92000000,66724.34000000,120.64074000
1780443900000,66724.33000000,66808.00000000,66674.01000000,66777.63000000,94.39641000
1780444200000,66777.63000000,66788.00000000,66705.44000000,66783.79000000,67.21592000
1780444500000,66783.79000000,66868.62000000,66756.58000000,66760.83000000,76.70900000
1780444800000,66760.84000000,66881.67000000,66709.99000000,66744.56000000,147.10116000
1780445100000,66744.56000000,66850.89000000,66654.00000000,66837.99000000,129.81378000
1780445400000,66838.00000000,66912.00000000,66769.92000000,66822.01000000,137.12691000
1780445700000,66822.01000000,67122.30000000,66822.01000000,67085.72000000,193.54748000
1780446000000,67085.72000000,67100.00000000,66846.00000000,66884.37000000,73.37066000
1780446300000,66884.37000000,66950.00000000,66770.01000000,66776.34000000,56.52904000
1780446600000,66776.35000000,67050.15000000,66705.35000000,67030.00000000,67.19042000
1780446900000,67030.00000000,67204.15000000,67020.25000000,67049.42000000,142.50934000
1780447200000,67049.42000000,67096.84000000,67020.26000000,67075.07000000,46.96795000
1780447500000,67075.07000000,67150.00000000,66960.42000000,66981.93000000,128.32776000
1780447800000,66981.93000000,67040.00000000,66966.00000000,67024.59000000,44.61890000
1780448100000,67024.58000000,67043.00000000,66938.00000000,66938.01000000,71.40465000
1780448400000,66938.01000000,66952.00000000,66780.00000000,66926.01000000,77.56483000
1780448700000,66926.01000000,66928.00000000,66830.54000000,66837.35000000,39.53865000
1780449000000,66837.36000000,66854.71000000,66672.58000000,66829.16000000,110.26061000
1780449300000,66829.16000000,66982.96000000,66814.00000000,66878.01000000,76.14170000
1780449600000,66878.01000000,66964.00000000,66862.00000000,66944.21000000,22.12957000
1780449900000,66944.20000000,67038.30000000,66938.63000000,67024.01000000,38.67024000
1780450200000,67024.01000000,67050.00000000,66869.99000000,66896.00000000,57.77512000
1780450500000,66896.01000000,66914.00000000,66624.64000000,66633.39000000,72.78577000
1780450800000,66633.39000000,66675.95000000,66472.65000000,66511.99000000,100.03359000
1780451100000,66511.98000000,66650.00000000,66504.04000000,66634.01000000,229.04797000
1780451400000,66634.00000000,67039.83000000,66606.05000000,66994.75000000,103.76428000
1780451700000,66994.75000000,66994.75000000,66898.48000000,66920.00000000,45.58716000
1780452000000,66920.00000000,66920.01000000,66723.06000000,66880.01000000,89.68076000
1780452300000,66880.01000000,66909.57000000,66788.41000000,66893.24000000,128.35131000
1780452600000,66893.24000000,66896.86000000,66820.23000000,66820.23000000,62.97795000
1780452900000,66820.23000000,66920.00000000,66780.00000000,66919.04000000,120.02623000
1780453200000,66919.04000000,66919.04000000,66657.08000000,66680.00000000,59.79057000
1780453500000,66680.00000000,66714.89000000,66638.00000000,66651.55000000,46.28810000
1780453800000,66651.56000000,66742.82000000,66605.85000000,66689.03000000,40.27850000
1780454100000,66689.03000000,66842.00000000,66655.08000000,66826.01000000,39.30414000
1780454400000,66826.00000000,66848.00000000,66742.00000000,66742.00000000,29.43696000
1780454700000,66742.00000000,66802.97000000,66654.00000000,66765.33000000,44.91362000
1780455000000,66765.33000000,66818.00000000,66700.00000000,66700.01000000,26.41816000
1780455300000,66700.02000000,66708.00000000,66586.17000000,66620.01000000,85.92157000
1780455600000,66620.00000000,66653.67000000,66574.43000000,66607.32000000,111.54457000
1780455900000,66607.33000000,66628.18000000,66400.00000000,66417.34000000,90.03511000
1780456200000,66417.35000000,66515.87000000,66416.00000000,66515.87000000,73.19994000
1780456500000,66515.87000000,66622.00000000,66374.17000000,66396.00000000,56.50722000
1780456800000,66396.00000000,66471.91000000,66335.22000000,66430.34000000,67.47019000
1780457100000,66430.34000000,66434.00000000,66090.10000000,66147.81000000,226.53401000
1780457400000,66147.81000000,66261.74000000,66010.00000000,66037.20000000,271.00861000
1780457700000,66037.20000000,66134.29000000,66000.00000000,66018.00000000,306.34907000
1780458000000,66018.01000000,66095.54000000,65737.61000000,65755.01000000,517.92070000
1780458300000,65755.00000000,65910.94000000,65656.04000000,65700.39000000,388.34235000
1780458600000,65700.40000000,65936.68000000,65426.34000000,65936.67000000,651.27931000
1780458900000,65936.68000000,65978.00000000,65800.00000000,65849.90000000,131.53516000
1780459200000,65849.90000000,66512.00000000,65834.00000000,66496.01000000,222.22928000
1780459500000,66496.00000000,66603.41000000,66322.73000000,66373.13000000,154.92841000
1780459800000,66373.12000000,66428.24000000,66314.00000000,66340.00000000,165.71219000
1780460100000,66339.99000000,66480.00000000,66324.91000000,66359.99000000,134.56103000
1780460400000,66359.99000000,66466.00000000,66356.00000000,66465.99000000,101.71593000
1780460700000,66466.00000000,66623.44000000,66434.90000000,66579.32000000,113.05372000
1780461000000,66579.32000000,66579.32000000,66311.28000000,66464.64000000,139.69001000
1780461300000,66464.65000000,66502.00000000,66372.00000000,66376.81000000,45.66030000
1780461600000,66376.80000000,66476.00000000,66376.00000000,66440.91000000,55.48204000
1780461900000,66440.91000000,66510.01000000,66428.03000000,66451.20000000,33.96020000
1780462200000,66451.20000000,66451.20000000,66278.23000000,66326.19000000,47.84540000
1780462500000,66326.18000000,66467.48000000,66314.40000000,66465.98000000,49.01943000
1780462800000,66465.99000000,67047.26000000,66465.99000000,67013.26000000,372.09483000
1780463100000,67013.26000000,67076.00000000,66901.03000000,67075.99000000,131.96947000
1780463400000,67076.00000000,67268.63000000,67052.00000000,67135.99000000,338.86674000
1780463700000,67135.99000000,67284.02000000,67117.91000000,67174.00000000,74.93121000
1780464000000,67174.00000000,67191.99000000,67027.38000000,67056.85000000,57.64993000
1780464300000,67056.85000000,67103.07000000,66980.65000000,67103.06000000,41.02376000
1780464600000,67103.07000000,67103.07000000,66775.00000000,66958.00000000,86.62211000
1780464900000,66958.00000000,66970.00000000,66823.94000000,66949.99000000,112.72665000
1780465200000,66950.00000000,67062.00000000,66942.97000000,67026.14000000,70.73791000
1780465500000,67026.14000000,67103.96000000,67024.60000000,67103.96000000,68.07262000
1780465800000,67103.96000000,67364.24000000,67101.29000000,67322.91000000,254.00286000
1780466100000,67322.90000000,67398.28000000,67274.00000000,67330.01000000,165.26020000
1780466400000,67330.00000000,67374.00000000,67203.34000000,67249.97000000,233.23455000
1780466700000,67249.98000000,67318.26000000,67194.00000000,67204.01000000,177.12353000
1780467000000,67204.01000000,67207.52000000,67109.06000000,67160.00000000,137.81945000
1780467300000,67160.00000000,67275.99000000,67150.00000000,67222.00000000,103.06122000
1780467600000,67222.00000000,67366.93000000,67222.00000000,67340.93000000,298.24162000
1780467900000,67340.94000000,67355.36000000,67234.53000000,67253.63000000,108.81605000
1780468200000,67253.64000000,67464.87000000,67179.47000000,67464.87000000,146.30865000
1780468500000,67464.87000000,67516.00000000,67404.81000000,67492.00000000,105.09696000
1780468800000,67491.99000000,67498.00000000,67302.98000000,67316.83000000,93.32825000
1780469100000,67316.83000000,67337.00000000,67205.94000000,67207.17000000,94.27185000
1780469400000,67207.17000000,67207.17000000,67055.68000000,67059.99000000,83.33528000
1780469700000,67059.99000000,67080.00000000,66962.95000000,66983.27000000,77.41215000
1780470000000,66983.27000000,67000.00000000,66872.01000000,66979.99000000,86.30381000
1780470300000,66979.99000000,67081.43000000,66979.99000000,67049.99000000,48.60823000
1780470600000,67050.00000000,67150.00000000,67049.99000000,67072.00000000,40.23977000
1780470900000,67072.00000000,67334.40000000,67028.00000000,67268.01000000,144.63012000
1780471200000,67268.01000000,67276.05000000,67169.45000000,67203.95000000,36.20323000
1780471500000,67203.94000000,67234.00000000,67156.00000000,67191.55000000,43.16384000
1780471800000,67191.54000000,67266.51000000,67175.49000000,67260.01000000,58.55142000
1780472100000,67260.01000000,67287.12000000,67190.58000000,67233.37000000,79.08825000
1780472400000,67233.37000000,67237.23000000,67078.91000000,67208.49000000,131.71596000
1780472700000,67208.50000000,67304.55000000,67188.01000000,67304.55000000,115.67544000
1780473000000,67304.55000000,67322.90000000,67286.03000000,67305.63000000,136.39727000
1780473300000,67305.63000000,67305.64000000,67208.01000000,67220.03000000,82.88572000
1780473600000,67220.03000000,67264.34000000,67165.15000000,67232.68000000,280.08701000
1780473900000,67232.69000000,67247.04000000,67126.01000000,67148.52000000,78.17271000
1780474200000,67148.53000000,67151.16000000,67066.55000000,67070.00000000,146.03280000
1780474500000,67069.99000000,67146.67000000,67025.68000000,67117.06000000,143.05135000
1780474800000,67117.06000000,67117.06000000,67014.12000000,67014.13000000,63.21945000
1780475100000,67014.13000000,67061.62000000,67006.06000000,67027.60000000,82.92422000
1780475400000,67027.61000000,67232.88000000,67027.61000000,67111.43000000,109.20451000
1780475700000,67111.43000000,67131.74000000,66974.00000000,66979.19000000,56.48246000
1780476000000,66979.18000000,67131.37000000,66974.00000000,67088.32000000,48.85920000
1780476300000,67088.33000000,67145.75000000,67014.12000000,67118.88000000,45.34131000
1780476600000,67118.89000000,67177.82000000,66978.00000000,67068.74000000,168.00206000
1780476900000,67068.75000000,67068.75000000,67020.72000000,67028.00000000,52.09677000
1780477200000,67028.01000000,67095.33000000,66969.91000000,67021.19000000,55.55874000
1780477500000,67021.18000000,67105.03000000,66986.00000000,67079.99000000,57.54800000
1780477800000,67079.99000000,67079.99000000,66942.00000000,66962.05000000,98.81400000
1780478100000,66962.05000000,66964.00000000,66860.00000000,66860.01000000,85.55101000
1780478400000,66860.00000000,66895.10000000,66824.54000000,66824.55000000,91.54393000
1780478700000,66824.55000000,66908.00000000,66808.27000000,66832.01000000,79.37220000
1780479000000,66832.01000000,66864.36000000,66816.96000000,66836.00000000,43.40031000
1780479300000,66836.01000000,66836.01000000,66750.00000000,66754.91000000,112.27297000
1780479600000,66754.92000000,66775.11000000,66728.19000000,66733.42000000,132.86719000
1780479900000,66733.42000000,67036.52000000,66656.48000000,67023.02000000,238.53182000
1780480200000,67023.02000000,67322.00000000,67023.02000000,67129.63000000,401.05628000
1780480500000,67129.63000000,67195.06000000,67075.17000000,67075.17000000,41.54512000
1780480800000,67075.18000000,67178.00000000,67068.51000000,67178.00000000,55.48960000
1780481100000,67178.00000000,67476.69000000,67177.99000000,67440.00000000,128.86031000
1780481400000,67440.01000000,67454.24000000,67243.41000000,67305.99000000,80.21751000
1780481700000,67305.98000000,67332.00000000,67200.00000000,67204.40000000,55.65856000
1780482000000,67204.40000000,67291.29000000,67192.88000000,67243.24000000,49.99305000
1780482300000,67243.25000000,67318.00000000,67219.97000000,67318.00000000,32.68164000
1780482600000,67318.00000000,67386.28000000,67290.00000000,67328.57000000,62.59652000
1780482900000,67328.57000000,67414.00000000,67202.54000000,67336.48000000,54.69880000
1780483200000,67336.47000000,67336.48000000,67221.05000000,67234.15000000,23.22277000
1780483500000,67234.15000000,67246.00000000,67200.00000000,67230.00000000,27.62328000
1780483800000,67230.00000000,67231.54000000,67182.72000000,67231.54000000,31.23124000
1780484100000,67231.54000000,67320.44000000,67231.54000000,67294.52000000,37.18931000
1780484400000,67294.51000000,67366.82000000,67244.00000000,67257.99000000,50.33386000
1780484700000,67258.00000000,67271.85000000,67203.18000000,67216.83000000,35.92065000
1780485000000,67216.83000000,67341.54000000,67206.40000000,67341.50000000,39.94169000
1780485300000,67341.50000000,67350.00000000,67292.94000000,67350.00000000,37.15740000
1780485600000,67350.00000000,67363.38000000,67308.60000000,67347.94000000,46.19560000
1780485900000,67347.94000000,67359.99000000,67308.00000000,67329.99000000,42.80683000
1780486200000,67330.00000000,67330.00000000,67172.00000000,67172.00000000,34.44734000
1780486500000,67172.01000000,67192.00000000,67111.00000000,67124.00000000,46.23575000
1780486800000,67124.00000000,67184.00000000,67114.00000000,67150.00000000,39.32659000
1780487100000,67150.01000000,67150.01000000,67065.63000000,67095.06000000,52.65028000
1780487400000,67095.06000000,67112.00000000,67068.00000000,67078.00000000,29.77155000
1780487700000,67078.00000000,67109.99000000,67056.58000000,67067.37000000,34.91079000
1780488000000,67067.37000000,67106.00000000,66950.00000000,67106.00000000,97.08331000
1780488300000,67105.99000000,67105.99000000,67039.44000000,67096.00000000,40.07764000
1780488600000,67095.99000000,67129.11000000,66886.87000000,66972.76000000,60.27145000
1780488900000,66972.75000000,66972.76000000,66808.27000000,66844.00000000,91.84974000
1780489200000,66843.99000000,66945.69000000,66782.65000000,66892.01000000,112.47606000
1780489500000,66892.01000000,67082.00000000,66882.00000000,67032.01000000,134.15173000
1780489800000,67032.02000000,67163.82000000,67009.02000000,67128.50000000,105.75485000
1780490100000,67128.49000000,67128.50000000,66840.00000000,66862.71000000,68.34422000
1780490400000,66862.71000000,66976.00000000,66840.06000000,66968.46000000,51.81717000
1780490700000,66968.46000000,67027.39000000,66925.37000000,67021.86000000,35.38799000
1780491000000,67021.86000000,67138.12000000,67016.77000000,67076.00000000,35.93274000
1780491300000,67075.99000000,67102.00000000,67020.00000000,67078.72000000,23.60276000
1780491600000,67078.72000000,67219.98000000,67048.00000000,67048.00000000,57.64671000
1780491900000,67048.00000000,67077.60000000,66984.00000000,67070.02000000,49.20057000
1780492200000,67070.02000000,67166.74000000,67070.01000000,67122.01000000,39.76967000
1780492500000,67122.01000000,67219.98000000,67110.00000000,67219.98000000,46.64756000
1780492800000,67219.97000000,67244.62000000,67098.43000000,67107.70000000,61.49636000
1780493100000,67107.71000000,67107.71000000,66834.05000000,66838.01000000,92.14826000
1780493400000,66838.01000000,67192.00000000,66838.01000000,67124.01000000,129.45704000
1780493700000,67124.00000000,67124.00000000,66853.03000000,66981.64000000,124.18977000
1780494000000,66981.65000000,66990.86000000,66717.82000000,66744.27000000,154.41828000
1780494300000,66744.26000000,66834.00000000,66635.00000000,66794.00000000,237.82698000
1780494600000,66794.00000000,67041.72000000,66762.01000000,66940.01000000,149.21286000
1780494900000,66940.00000000,66980.00000000,66767.32000000,66906.01000000,81.15841000
1780495200000,66906.00000000,66948.00000000,66751.99000000,66777.11000000,86.41599000
1780495500000,66777.11000000,66868.62000000,66739.56000000,66774.00000000,76.60922000
1780495800000,66774.00000000,66911.20000000,66754.00000000,66903.72000000,73.62827000
1780496100000,66903.72000000,66934.00000000,66694.00000000,66694.00000000,114.71236000
1780496400000,66694.01000000,66808.28000000,66643.96000000,66709.99000000,93.67532000
1780496700000,66710.00000000,66796.00000000,66658.30000000,66791.99000000,98.65158000
1780497000000,66792.00000000,66856.00000000,66707.21000000,66770.02000000,64.95142000
1780497300000,66770.02000000,66990.66000000,66770.02000000,66955.16000000,58.03152000
1780497600000,66955.16000000,66955.16000000,66732.24000000,66752.00000000,60.78619000
1780497900000,66751.99000000,66882.00000000,66745.87000000,66819.74000000,58.64054000
1780498200000,66819.74000000,66935.88000000,66744.00000000,66881.40000000,74.83028000
1780498500000,66881.41000000,66881.41000000,66772.00000000,66864.95000000,75.51110000
1780498800000,66864.95000000,66898.00000000,66760.00000000,66760.00000000,54.68821000
1780499100000,66760.00000000,66768.00000000,66515.11000000,66580.94000000,184.39484000
1780499400000,66580.93000000,66669.86000000,66500.00000000,66525.55000000,89.31480000
1780499700000,66525.55000000,66581.06000000,66344.16000000,66356.49000000,213.39325000
1780500000000,66356.50000000,66416.02000000,66256.52000000,66382.30000000,178.88892000
1780500300000,66382.29000000,66663.54000000,66324.00000000,66597.74000000,162.40921000
1780500600000,66597.74000000,66678.00000000,66324.95000000,66349.99000000,102.53239000
1780500900000,66350.00000000,66450.00000000,66226.82000000,66327.95000000,126.93324000
1780501200000,66327.95000000,66370.10000000,66270.00000000,66304.01000000,92.47778000
1780501500000,66304.01000000,66350.00000000,66144.00000000,66309.19000000,124.23196000
1780501800000,66309.19000000,66378.42000000,66177.40000000,66188.00000000,93.29328000
1780502100000,66188.00000000,66248.00000000,66076.00000000,66076.01000000,98.79133000
1780502400000,66076.01000000,66180.42000000,65872.50000000,66179.23000000,287.48437000
1780502700000,66179.22000000,66373.18000000,65941.65000000,66186.00000000,172.00650000
1780503000000,66186.00000000,66276.65000000,66040.01000000,66172.97000000,97.93542000
1780503300000,66172.97000000,66228.97000000,65932.80000000,66058.00000000,88.19730000
1780503600000,66058.00000000,66058.00000000,65633.57000000,65633.69000000,288.86935000
1780503900000,65633.69000000,65800.00000000,65555.00000000,65606.94000000,228.02886000
1780504200000,65606.94000000,65812.73000000,65586.44000000,65751.60000000,127.78482000
1780504500000,65751.60000000,65906.40000000,65696.00000000,65897.41000000,98.64240000
1780504800000,65897.40000000,65984.87000000,65837.20000000,65924.00000000,79.04260000
1780505100000,65924.00000000,66071.04000000,65866.00000000,65903.54000000,64.46093000
1780505400000,65903.54000000,65993.87000000,65822.40000000,65950.00000000,55.01022000
1780505700000,65950.01000000,66068.00000000,65933.58000000,66061.83000000,45.68000000
1780506000000,66061.83000000,66126.00000000,65891.78000000,65899.69000000,61.44836000
1780506300000,65899.68000000,65907.60000000,65730.41000000,65750.62000000,103.48803000
1780506600000,65750.61000000,65852.56000000,65704.80000000,65715.23000000,66.01487000
1780506900000,65715.23000000,65954.00000000,65715.23000000,65927.14000000,82.02960000
1780507200000,65927.14000000,65943.21000000,65791.51000000,65819.11000000,48.77465000
1780507500000,65819.11000000,65984.88000000,65819.11000000,65945.93000000,83.85858000
1780507800000,65945.93000000,66177.97000000,65851.81000000,66164.01000000,73.40477000
1780508100000,66164.01000000,66189.80000000,66071.27000000,66172.00000000,41.36859000
1780508400000,66172.00000000,66184.76000000,66099.00000000,66109.39000000,89.57766000
1780508700000,66109.38000000,66114.00000000,65945.43000000,65954.28000000,55.08859000
1780509000000,65954.28000000,65981.31000000,65806.00000000,65894.00000000,56.50420000
1780509300000,65894.00000000,65992.00000000,65852.64000000,65964.08000000,48.73575000
1780509600000,65964.08000000,66092.00000000,65964.08000000,66014.01000000,46.83227000
1780509900000,66014.01000000,66068.01000000,65994.00000000,66054.24000000,30.96032000
1780510200000,66054.25000000,66054.25000000,65860.73000000,65972.81000000,44.43513000
1780510500000,65972.80000000,65972.80000000,65758.00000000,65813.84000000,71.29487000
1780510800000,65813.84000000,65904.00000000,65744.01000000,65902.01000000,66.24871000
1780511100000,65902.01000000,65924.00000000,65852.65000000,65899.99000000,32.88703000
1780511400000,65900.00000000,65984.88000000,65858.00000000,65866.09000000,38.18747000
1780511700000,65866.09000000,65978.00000000,65784.07000000,65968.01000000,43.81849000
1780512000000,65968.01000000,66098.00000000,65968.00000000,66044.17000000,38.26352000
1780512300000,66044.16000000,66161.24000000,66034.00000000,66047.63000000,119.68643000
1780512600000,66047.63000000,66102.00000000,66036.00000000,66070.01000000,22.60527000
1780512900000,66070.01000000,66125.77000000,66018.00000000,66036.57000000,45.37270000
1780513200000,66036.56000000,66048.00000000,65980.92000000,66036.63000000,80.49643000
1780513500000,66036.64000000,66036.64000000,65904.45000000,65910.01000000,53.17816000
1780513800000,65910.01000000,65970.02000000,65902.00000000,65970.02000000,56.16168000
1780514100000,65970.02000000,66054.00000000,65899.99000000,65932.00000000,102.97219000
1780514400000,65932.00000000,65940.00000000,65698.00000000,65745.11000000,121.66953000
1780514700000,65745.10000000,65766.00000000,65600.00000000,65658.18000000,80.24846000
1780515000000,65658.01000000,65741.76000000,65624.89000000,65722.78000000,54.05281000
1780515300000,65722.01000000,65816.00000000,65694.00000000,65768.01000000,38.73992000
1780515600000,65768.01000000,65825.10000000,65749.42000000,65764.01000000,44.19295000
1780515900000,65764.00000000,65847.99000000,65746.67000000,65746.90000000,50.81367000
1780516200000,65746.89000000,65746.89000000,65359.30000000,65359.31000000,287.39780000
1780516500000,65359.31000000,65487.86000000,65251.00000000,65462.00000000,228.78608000
1780516800000,65461.99000000,65462.18000000,65252.00000000,65319.58000000,100.29758000
1780517100000,65319.58000000,65420.57000000,65300.00000000,65389.99000000,105.90783000
1780517400000,65390.00000000,65614.74000000,65389.99000000,65580.01000000,58.94094000
1780517700000,65580.00000000,65580.00000000,65283.69000000,65340.84000000,119.90213000
1780518000000,65340.85000000,65500.00000000,65340.01000000,65487.36000000,32.40966000
1780518300000,65487.36000000,65594.00000000,65487.35000000,65548.01000000,23.04506000
1780518600000,65548.01000000,65566.00000000,65411.40000000,65486.00000000,42.70212000
1780518900000,65486.00000000,65498.00000000,65320.00000000,65334.00000000,43.31633000
1780519200000,65333.99000000,65363.99000000,65179.99000000,65190.63000000,160.32640000
1780519500000,65190.63000000,65233.83000000,65099.31000000,65128.01000000,114.81951000
